Id,Email,FirsName,LastName,PhoneNumber,IsComing,Comment,HasGuest,GuestFirstName,GuestLastName,LastUpdate,CommentGuest,Address,CanHaveGuest
1,urtizverea@hotmail.fr,gggggggggggg,uuuuuu,07864921554,1,Yesrrrrrrrrrrrr,1,Ptttt,Kkkiiii,2022-11-08 07:13:43,qqqqqqqqqqqq,wwwwwwwww,1
2,helene64100@gmail.com,,,,,,,,,2022-11-08 09:42:26,,,1
3,bernadette.berra@gmail.com,bernadette,berra,+33665136854,1,,0,,,2022-11-08 07:15:38,,,1
4,antoine.urtizverea@free.fr,,,,,,,,,2022-10-30 13:46:59,,,1
5,benatlabadie@yahoo.co.uk,,,,,,,,,2022-10-30 13:46:59,,,1
6,schtipit@hotmail.fr,,,,,,,,,2022-10-30 13:46:59,,,1
7,Amurtiz@hotmail.fr,,,,,,,,,2022-11-07 23:24:10,,,1
8,Vincent65@hotmail.fr,,,,,,,,,2022-10-30 13:46:59,,,1
9,Murat.bayan@gmail.com,Murat,Bayan,+447957029103,1,,0,,,2022-11-08 19:00:36,,"Flat 5 Bioko Court, 3 Bermuda Way",1
10,"jczapa7@yahoo.com ",,,,,,,,,2022-10-30 13:46:59,,,1
11,pascal.helfer@gmail.com,,,,,,,,,2022-10-30 13:46:59,,,1
12,matthieu.aressy@gmail.com,Matthieu,Aressy,+33680141203,1,,1,Elodie,Pouliquen,2022-11-08 07:15:38,"Allergies à tous les fruits à coques à l’exception de la pistache. ","31 rue de Strasbourg 11000 Carcassonne ",1
13,alessi.31480@gmail.com,Julien & Isa,ALESSI,0683949156,1,"La bouffe anglaise ",1,Isabelle,Alessi,2022-11-08 07:22:52,"Les basques ",5 rue le village 31480 Brignemont,1
14,greglespinard@hotmail.com,Greg,Lespinard,+1 415 279 1829,1,Pas d'allergies.,1,Micaela,Lespinard,2022-11-09 00:37:07,Pas d'allergies.,"1075 Noble Ln, San Jose, CA, 95132, USA",1
15,vincentrauzy@gmail.com,,,,,,,,,2022-10-30 13:46:59,,,1
16,benoitthomas83@gmail.com,Benoît,THOMAS,0647769400,1,,1,Nelly,PUSTELNIK,2022-11-08 10:19:36,,854 route de saint germain 69380 Chasselay,1
17,richard.bordessoules@gmail.com,,,,,,,,,2022-10-30 13:46:59,,,1
18,tbuisset@gmail.com,,,,,,,,,2022-10-30 13:46:59,,,1
19,"anturtiz@hotmail.com
",,,,,,,,,2022-10-30 13:46:59,,,1
20,Nicole.king84@btinternet.com,NICOLE,KING,07525183573,1,No meat please. Testing test test EE,0,EEE,EEEE,2022-11-08 07:15:38,EEEE,www,1
21,Paul.ayer@sky.com,Paul,Ayer,02035394029,1,Na,1,Celia,Ayer,2022-11-08 07:15:38,Na,"61 Hurstbourne Gardens ",1
22,robyncmbrowne@gmail.com,Robyn,Browne,07931959372,1,I don't eat meat. Land meat. Sea meat is okay.,1,James,Wilsher,2022-10-30 13:46:59,,,1
24,cherniseking@gmail.com,Chernise,King,07401539722,1,,0,,,2022-11-09 09:56:16,,113 Ingrebourne Road Rainham Essex RM13 9AH,0
25,cherniseking@hotmail.co.uk,,,,,,,,,2022-10-30 13:56:18,,,0
29,ivyking43@icloud.com,Ivy,King,07521299614,1,Veggie,0,,,2022-11-08 07:15:38,,2 grangewood court stafford Ave Hornchurch rm11ep,0
32,annebrowne1401@gmail.com,,,,,,,,,2022-10-30 13:56:19,,,0
33,hayley.jaynezoil@gmail.com,Hayley,Zoil,07412605536,1,N/A,1,"Jonathan ",Zoil,2022-11-09 10:27:23,N/A,"15 Rye House, Swan Road, London, SE16 4LJ",1
35,erolking@hotmail.co.uk,,,,,,,,,2022-10-30 13:56:19,,,0
39,desireehampton30@gmail.com,,,,,,,,,2022-10-30 14:20:48,,,0
40,curtisk91@hotmail.co.uk,,,,,,,,,2022-10-30 14:20:48,,,0
42,jrking9891@gmail.com,,,,,,,,,2022-10-30 14:20:48,,,1
43,stacy.hammers@email.com,,,,,,,,,2022-10-30 14:20:48,,,0
44,soniaking@live.co.uk,,,,,,,,,2022-10-30 14:20:48,,,0
45,beverley.mead1@gmail.com,,,,,,,,,2022-10-30 14:20:48,,,1
48,Cheking2001@gmail.com,,,,,,,,,2022-11-09 10:03:17,,,1
49,wanda25ash@hotmail.co.uk,"Wanda ","Parsons ",07986016392,1,N/A,1,"Jawanda ","Parsons ",2022-11-09 11:58:59,N/A,24 Porter drive Stanway Colchester CO3 9FQ,1
53,r_chait@hotmail.com,,,,,,,,,2022-10-30 14:20:48,,,1
54,camillashrieve@hotmail.com,,,,,,,,,2022-10-30 14:20:48,,,0
56,cmk@hotmail.co.uk,"Charmaine Marie ","Kinnear ",07481639993,1,,0,,,2022-11-09 09:22:34,,Flat 6 Ripon House Dartfields Romford Essex Rm3 8df,0
59,ellico29@gmail.com,Hannah,Elliott,07900990399,1,No beef please,0,,,2022-11-09 09:42:28,,11 Alexandra Close,0
61,reeceking1994@live.co.uk,,,,,,,,,2022-10-30 15:40:56,,,0
62,Deborah.ayer64@gmail.com,,,,,,,,,2022-11-09 09:02:14,,,1
63,rjulie45@yahoo.co.uk,"Julie ",Richards,07870494560,1,"None ",1,Alsworth,Richards,2022-11-09 10:37:26,"None ",35 Field Crescent Alvaston Derby DE24 0 HD,1
64,chanel8781@gmail.com,,,,,,,,,2022-10-31 18:22:41,,,0
65,sandrak6590@yahoo.co.uk,,,,,,,,,2022-11-09 09:01:42,,,0
66,chanham77@gmail.com,,,,,,,,,2022-11-09 08:53:37,,,1
67,laurent.howes@sky.com,,,,,,,,,2022-11-07 19:05:15,,,0
68,howes.berverley@yahoo.com,,,,,,,,,2022-11-07 19:05:15,,,0
69,johngrant72@msn.com,,,,,,,,,2022-11-07 19:05:15,,,0
70,june198@hotmail.co.uk,,,,,,,,,2022-11-09 09:01:20,,,0
71,Sophie_urtiz@hotmail.com,,,,,,,,,2022-11-07 23:16:42,,,1
